player_name,url,position,shoots,height,weight_lb,weight_kg,height_cm,birthdate,birthplace,college,high_school,draft,nba_debut,games,points,rebounds,assists,fg_percentage,fg3_percentage,ft_percentage,efg_percentage
Alaa Abdelnaby,https://www.basketball-reference.com/players/a/abdelal01.html,"Power Forward


  
  ▪
  
  
  Shoots:
  
  Right","Position:
  
  Power Forward


  
  ▪
  
  
  
  
  Right",,,,,,"Cairo, Egypt
eg",Duke,"Bloomfield in Bloomfield, New Jersey","Portland Trail Blazers, 1st round (25th pick, 25th overall), 1990 NBA Draft","November 2, 1990",256,5.7,3.3,0.3,50.2,,70.1,50.2
Zaid Abdul-Aziz,https://www.basketball-reference.com/players/a/abdulza01.html,"Center and Power Forward


  
  ▪
  
  
  Shoots:
  
  Right","Position:
  
  Center and Power Forward


  
  ▪
  
  
  
  
  Right",,,,,,"Brooklyn, New York
us",Iowa State,"John Jay in Brooklyn, New York","Cincinnati Royals, 1st round (5th pick, 5th overall), 1968 NBA Draft","October 16, 1968",505,9.0,8.0,1.2,42.8,,72.8,
Kareem Abdul-Jabbar,https://www.basketball-reference.com/players/a/abdulka01.html,"Center


  
  ▪
  
  
  Shoots:
  
  Right","Position:
  
  Center


  
  ▪
  
  
  
  
  Right",,,,,,"New York, New York
us",UCLA,"Power Memorial in New York, New York","Milwaukee Bucks, 1st round (1st pick, 1st overall), 1969 NBA Draft","October 18, 1969",1560,24.6,11.2,3.6,55.9,,72.1,55.9
Mahmoud Abdul-Rauf,https://www.basketball-reference.com/players/a/abdulma02.html,"Point Guard


  
  ▪
  
  
  Shoots:
  
  Right","Position:
  
  Point Guard


  
  ▪
  
  
  
  
  Right",,,,,,"Gulfport, Mississippi
us",LSU,"Gulfport in Gulfport, Mississippi","Denver Nuggets, 1st round (3rd pick, 3rd overall), 1990 NBA Draft","November 10, 1990",586,14.6,1.9,3.5,44.2,,90.5,47.2
Tariq Abdul-Wahad,https://www.basketball-reference.com/players/a/abdulta01.html,"Shooting Guard


  
  ▪
  
  
  Shoots:
  
  Right","Position:
  
  Shooting Guard


  
  ▪
  
  
  
  
  Right",,,,,,"Maisons Alfort, France
fr",,"Lycee Aristide Briand in Evreux, France","Sacramento Kings, 1st round (11th pick, 11th overall), 1997 NBA Draft","November 11, 1997",236,7.8,3.3,1.1,41.7,,70.3,42.2
Shareef Abdur-Rahim,https://www.basketball-reference.com/players/a/abdursh01.html,"Power Forward, Small Forward, and Center


  
  ▪
  
  
  Shoots:
  
  Right","Position:
  
  Power Forward, Small Forward, and Center


  
  ▪
  
  
  
  
  Right",,,,,,"Marietta, Georgia
us",California,"Wheeler in Marietta, Georgia","Vancouver Grizzlies, 1st round (3rd pick, 3rd overall), 1996 NBA Draft","November 1, 1996",830,18.1,7.5,2.5,47.2,,81.0,47.9
Tom Abernethy,https://www.basketball-reference.com/players/a/abernto01.html,"Small Forward and Power Forward


  
  ▪
  
  
  Shoots:
  
  Right","Position:
  
  Small Forward and Power Forward


  
  ▪
  
  
  
  
  Right",,,,,,"South Bend, Indiana
us",Indiana,"Saint Joseph in South Bend, Indiana","Los Angeles Lakers, 3rd round (9th pick, 43rd overall), 1976 NBA Draft","November 19, 1976",319,5.6,3.2,1.2,49.2,,74.7,49.2
Forest Able,https://www.basketball-reference.com/players/a/ablefo01.html,"Guard


  
  ▪
  
  
  Shoots:
  
  Right","Position:
  
  Guard


  
  ▪
  
  
  
  
  Right",,,,,,,Western Kentucky,"Fairdale in Louisville, Kentucky","Syracuse Nationals, 3rd round (5th pick, 21st overall), 1956 NBA Draft","October 28, 1956",1,0.0,1.0,1.0,0.0,,-,
John Abramovic,https://www.basketball-reference.com/players/a/abramjo01.html,"Forward


  
  ▪
  
  
  Shoots:
  
  Right","Position:
  
  Forward


  
  ▪
  
  
  
  
  Right",,,,,,"Etna, Pennsylvania
us",Salem University,"Etna in Etna, Pennsylvania",,"November 2, 1946",56,9.5,-,0.7,23.7,,68.6,
Ãlex Abrines,https://www.basketball-reference.com/players/a/abrinal01.html,"Shooting Guard


  
  ▪
  
  
  Shoots:
  
  Right","Position:
  
  Shooting Guard


  
  ▪
  
  
  
  
  Right",,,,,,"Palma de Mallorca, Spa",,,"Oklahoma City Thunder, 2nd round (2nd pick, 32nd overall), 2013 NBA Draft","October 26, 2016",174,5.3,1.4,0.5,38.7,,88.0,52.5
Precious Achiuwa,https://www.basketball-reference.com/players/a/achiupr01.html,"Center and Power Forward


  
  ▪
  
  
  Shoots:
  
  Right","Position:
  
  Center and Power Forward


  
  ▪
  
  
  
  
  Right",,,,,,"Port Harcourt, Nigeria
ng",Memphis,,"Miami Heat, 1st round (20th pick, 20th overall), 2020 NBA Draft","December 23, 2020",272,7.7,5.7,1.0,48.0,,60.6,51.3
Alex Acker,https://www.basketball-reference.com/players/a/ackeral01.html,"Shooting Guard


  
  ▪
  
  
  Shoots:
  
  Right","Position:
  
  Shooting Guard


  
  ▪
  
  
  
  
  Right",,,,,,"Compton, California
us",Pepperdine,"Eisenhower in Rialto, California","Detroit Pistons, 2nd round (30th pick, 60th overall), 2005 NBA Draft","February 21, 2006",30,2.7,1.0,0.5,37.0,,50.0,41.3
Don Ackerman,https://www.basketball-reference.com/players/a/ackerdo01.html,"Point Guard


  
  ▪
  
  
  Shoots:
  
  Right","Position:
  
  Point Guard


  
  ▪
  
  
  
  
  Right",,,,,,"New York, New York
us",Long Island University,"Metropolitan in New York, New York","New York Knicks, 2nd round (2nd pick, 11th overall), 1953 NBA Draft","October 31, 1953",28,1.5,0.5,0.8,22.2,,53.6,
Mark Acres,https://www.basketball-reference.com/players/a/acresma01.html,"Center


  
  ▪
  
  
  Shoots:
  
  Right","Position:
  
  Center


  
  ▪
  
  
  
  
  Right",,,,,,"Inglewood, California
us",Oral Roberts,"Palos Verdes in Palos Verdes Estates, California","Dallas Mavericks, 2nd round (16th pick, 40th overall), 1985 NBA Draft","November 6, 1987",375,3.6,4.1,0.5,50.6,,66.5,50.9
Bud Acton,https://www.basketball-reference.com/players/a/actonbu01.html,"Small Forward


  
  ▪
  
  
  Shoots:
  
  Right","Position:
  
  Small Forward


  
  ▪
  
  
  
  
  Right",,,,,,,Hillsdale College,"Troy in Troy, Michigan",,"February 1, 1968",23,3.3,2.0,0.5,39.2,,65.5,
Quincy Acy,https://www.basketball-reference.com/players/a/acyqu01.html,"Power Forward and Small Forward


  
  ▪
  
  
  Shoots:
  
  Right","Position:
  
  Power Forward and Small Forward


  
  ▪
  
  
  
  
  Right",,,,,,"Tyler, Texas
us",Baylor,"Mesquite Horn in Mesquite, Texas","Toronto Raptors, 2nd round (7th pick, 37th overall), 2012 NBA Draft","November 7, 2012",337,4.9,3.5,0.6,44.4,,75.9,51.3
Alvan Adams,https://www.basketball-reference.com/players/a/adamsal01.html,"Center and Power Forward


  
  ▪
  
  
  Shoots:
  
  Right","Position:
  
  Center and Power Forward


  
  ▪
  
  
  
  
  Right",,,,,,"Lawrence, Kansas
us",Oklahoma,"Putnam City in Warr Acres, Oklahoma","Phoenix Suns, 1st round (4th pick, 4th overall), 1975 NBA Draft","October 25, 1975",988,14.1,7.0,4.1,49.8,,78.8,49.8
Don Adams,https://www.basketball-reference.com/players/a/adamsdo01.html,"Small Forward


  
  ▪
  
  
  Shoots:
  
  Right","Position:
  
  Small Forward


  
  ▪
  
  
  
  
  Right",,,,,,"Atlanta, Georgia
us",Northwestern,"South Fulton in South Fulton, Georgia","San Diego Rockets, 8th round (1st pick, 120th overall), 1970 NBA Draft","October 13, 1970 ▪ ABA Debut: March 4, 1975",523,8.8,5.6,1.9,40.2,,74.1,40.2
George Adams,https://www.basketball-reference.com/players/a/adamsge01.html,"Small Forward


  
  ▪
  
  
  Shoots:
  
  Right","Position:
  
  Small Forward


  
  ▪
  
  
  
  
  Right",,,,,,K,Gardner-Webb University,,"Milwaukee Bucks, 3rd round (16th pick, 46th overall), 1972 NBA Draft",,215,7.7,4.1,1.5,49.7,,79.4,49.9
Hassan Adams,https://www.basketball-reference.com/players/a/adamsha01.html,"Shooting Guard


  
  ▪
  
  
  Shoots:
  
  Right","Position:
  
  Shooting Guard


  
  ▪
  
  
  
  
  Right",,,,,,"Inglewood, California
us",Arizona,"Westchester in Los Angeles, California","New Jersey Nets, 2nd round (24th pick, 54th overall), 2006 NBA Draft","November 1, 2006",73,2.5,1.2,0.2,53.4,,64.3,53.4
Jaylen Adams,https://www.basketball-reference.com/players/a/adamsja01.html,"Point Guard


  
  ▪
  
  
  Shoots:
  
  Right","Position:
  
  Point Guard


  
  ▪
  
  
  
  
  Right",,,,,,"Baltimore, Maryland
us",St. Bonaventure,"Mount St. Joseph in Baltimore, Maryland",,"October 17, 2018",41,2.7,1.5,1.6,33.1,,77.8,43.6
Jordan Adams,https://www.basketball-reference.com/players/a/adamsjo01.html,"Shooting Guard


  
  ▪
  
  
  Shoots:
  
  Right","Position:
  
  Shooting Guard


  
  ▪
  
  
  
  
  Right",,,,,,"Atlanta, Georgia
us",UCLA,,"Memphis Grizzlies, 1st round (22nd pick, 22nd overall), 2014 NBA Draft","November 3, 2014",32,3.2,0.9,0.6,40.2,,60.7,45.7
Michael Adams,https://www.basketball-reference.com/players/a/adamsmi01.html,"Point Guard


  
  ▪
  
  
  Shoots:
  
  Right","Position:
  
  Point Guard


  
  ▪
  
  
  
  
  Right",,,,,,"Hartford, Connecticut
us",Boston College,"Hartford Public in Hartford, Connecticut","Sacramento Kings, 3rd round (19th pick, 66th overall), 1985 NBA Draft","October 25, 1985",653,14.7,2.9,6.4,41.5,,84.9,47.5
Steven Adams,https://www.basketball-reference.com/players/a/adamsst01.html,"Center


  
  ▪
  
  
  Shoots:
  
  Right","Position:
  
  Center


  
  ▪
  
  
  
  
  Right",,,,,,"Rotorua, New Zealand
nz",Pitt,"Notre Dame Prep in Fitchburg, Massachusetts","Oklahoma City Thunder, 1st round (12th pick, 12th overall), 2013 NBA Draft","October 30, 2013",723,9.1,8.1,1.5,58.8,,53.4,58.8
Rafael Addison,https://www.basketball-reference.com/players/a/addisra01.html,"Small Forward


  
  ▪
  
  
  Shoots:
  
  Right","Position:
  
  Small Forward


  
  ▪
  
  
  
  
  Right",,,,,,"Jersey City, New Jersey
us",Syracuse,"Snyder in Jersey City, New Jersey","Phoenix Suns, 2nd round (15th pick, 39th overall), 1986 NBA Draft","November 1, 1986",379,5.8,2.1,0.9,44.9,,77.2,46.6
Bam Adebayo,https://www.basketball-reference.com/players/a/adebaba01.html,"Center and Power Forward


  
  ▪
  
  
  Shoots:
  
  Right","Position:
  
  Center and Power Forward


  
  ▪
  
  
  
  
  Right",,,,,,"Newark, New Jersey
us",Kentucky,,"Miami Heat, 1st round (14th pick, 14th overall), 2017 NBA Draft","October 18, 2017",517,15.4,8.8,3.6,54.1,,75.3,54.5
Deng Adel,https://www.basketball-reference.com/players/a/adelde01.html,"Small Forward


  
  ▪
  
  
  Shoots:
  
  Right","Position:
  
  Small Forward


  
  ▪
  
  
  
  
  Right",,,,,,"Juba, South Sudan
ss",Louisville,"Victoria Rock Prep in Bradenton, Florida",,"January 19, 2019",19,1.7,1.0,0.3,30.6,,100.0,38.9
Rick Adelman,https://www.basketball-reference.com/players/a/adelmri01.html,"Point Guard


  
  ▪
  
  
  Shoots:
  
  Right","Position:
  
  Point Guard


  
  ▪
  
  
  
  
  Right",,,,,,"Lynwood, California
us",Loyola Marymount,"Saint Pius X in Downey, California","San Diego Rockets, 7th round (1st pick, 79th overall), 1968 NBA Draft","October 17, 1968",462,7.7,2.4,3.5,41.5,,71.3,
Jeff Adrien,https://www.basketball-reference.com/players/a/adrieje01.html,"Power Forward


  
  ▪
  
  
  Shoots:
  
  Right","Position:
  
  Power Forward


  
  ▪
  
  
  
  
  Right",,,,,,Brookl,UConn,,,"October 27, 2010",153,4.6,4.3,0.7,47.4,,62.8,47.4
Arron Afflalo,https://www.basketball-reference.com/players/a/afflaar01.html,"Shooting Guard and Small Forward


  
  ▪
  
  
  Shoots:
  
  Right","Position:
  
  Shooting Guard and Small Forward


  
  ▪
  
  
  
  
  Right",,,,,,"Los Angeles, California
us",UCLA,"Centennial in Compton, California","Detroit Pistons, 1st round (27th pick, 27th overall), 2007 NBA Draft","November 1, 2007",762,10.8,2.9,1.8,45.0,,82.5,51.4
Ochai Agbaji,https://www.basketball-reference.com/players/a/agbajoc01.html,"Shooting Guard


  
  ▪
  
  
  Shoots:
  
  Right","Position:
  
  Shooting Guard


  
  ▪
  
  
  
  
  Right",,,,,,"Milwaukee, Wiscons",Kansas,"Oak Park HS in Kansas City, Missouri","Cleveland Cavaliers, 1st round (14th pick, 14th overall), 2022 NBA Draft","October 19, 2022",168,7.6,2.7,1.2,44.4,,72.8,53.3
Maurice Ager,https://www.basketball-reference.com/players/a/agerma01.html,"Shooting Guard


  
  ▪
  
  
  Shoots:
  
  Right","Position:
  
  Shooting Guard


  
  ▪
  
  
  
  
  Right",,,,,,"Detroit, Michigan
us",Michigan State,"Crockett in Detroit, Michigan","Dallas Mavericks, 1st round (28th pick, 28th overall), 2006 NBA Draft","November 4, 2006",82,2.1,0.6,0.2,33.9,,56.6,36.8
Mark Aguirre,https://www.basketball-reference.com/players/a/aguirma01.html,"Small Forward


  
  ▪
  
  
  Shoots:
  
  Right","Position:
  
  Small Forward


  
  ▪
  
  
  
  
  Right",,,,,,"Chicago, Ill",DePaul,"Westinghouse in Chicago, Illinois","Dallas Mavericks, 1st round (1st pick, 1st overall), 1981 NBA Draft","October 30, 1981",923,20.0,5.0,3.1,48.4,,74.1,49.8
Blake Ahearn,https://www.basketball-reference.com/players/a/ahearbl01.html,"Point Guard


  
  ▪
  
  
  Shoots:
  
  Right","Position:
  
  Point Guard


  
  ▪
  
  
  
  
  Right",,,,,,"St. Louis, Missouri
us",Missouri State,"De Smet Jesuit in Creve Coeur, Missouri",,"March 21, 2008",19,4.6,1.2,1.2,27.3,,97.0,36.4
Danny Ainge,https://www.basketball-reference.com/players/a/aingeda01.html,"Shooting Guard and Point Guard


  
  ▪
  
  
  Shoots:
  
  Right","Position:
  
  Shooting Guard and Point Guard


  
  ▪
  
  
  
  
  Right",,,,,,"Eugene, Oregon
us",BYU,"North Eugene in North Eugene, Oregon","Boston Celtics, 2nd round (8th pick, 31st overall), 1981 NBA Draft","December 9, 1981",1042,11.5,2.7,4.0,46.9,,84.6,51.9
Matt Aitch,https://www.basketball-reference.com/players/a/aitchma01.html,"Power Forward


  
  ▪
  
  
  Shoots:
  
  Right","Position:
  
  Power Forward


  
  ▪
  
  
  
  
  Right",,,,,,"St. Louis, Missouri
us",,"Maplewood-Richmond Heights in Maplewood, Missouri","Detroit Pistons, 13th round (2nd pick, 135th overall), 1967 NBA Draft",,45,5.6,3.6,0.4,40.5,,67.5,40.5
Alexis AjinÃ§a,https://www.basketball-reference.com/players/a/ajincal01.html,"Center and Power Forward


  
  ▪
  
  
  Shoots:
  
  Right","Position:
  
  Center and Power Forward


  
  ▪
  
  
  
  
  Right",,,,,,Sa,,,"Charlotte Bobcats, 1st round (20th pick, 20th overall), 2008 NBA Draft","October 30, 2008",293,5.3,3.9,0.5,50.3,,79.7,50.7
Henry Akin,https://www.basketball-reference.com/players/a/akinhe01.html,"Power Forward and Center


  
  ▪
  
  
  Shoots:
  
  Right","Position:
  
  Power Forward and Center


  
  ▪
  
  
  
  
  Right",,,,,,"Detroit, Michigan
us",Morehead State University,"Troy in Troy, Michigan","New York Knicks, 2nd round (1st pick, 11th overall), 1966 NBA Draft","October 15, 1966 ▪ ABA Debut: October 30, 1968",88,3.5,2.1,0.5,35.0,,67.6,35.0
Josh Akognon,https://www.basketball-reference.com/players/a/akognjo01.html,"Point Guard


  
  ▪
  
  
  Shoots:
  
  Right","Position:
  
  Point Guard


  
  ▪
  
  
  
  
  Right",,,,,,"Greenbrae, California
us",,"Casa Grande in Petaluma, California",,"April 10, 2013",3,1.7,0.3,0.3,50.0,,-,62.5
DeVaughn Akoon-Purcell,https://www.basketball-reference.com/players/a/akoonde01.html,"Shooting Guard


  
  ▪
  
  
  Shoots:
  
  Right","Position:
  
  Shooting Guard


  
  ▪
  
  
  
  
  Right",,,,,,"Orlando, Florida
us",Illinois State,"West Oaks Academy in Orlando, Florida",,"October 23, 2018",7,1.0,0.6,0.9,30.0,,50.0,30.0
Solomon Alabi,https://www.basketball-reference.com/players/a/alabiso01.html,"Center


  
  ▪
  
  
  Shoots:
  
  Right","Position:
  
  Center


  
  ▪
  
  
  
  
  Right",,,,,,"Kaduna, Nigeria
ng",Florida State,"Montverde Academy in Montverde, Florida","Dallas Mavericks, 2nd round (20th pick, 50th overall), 2010 NBA Draft","November 13, 2010",26,1.5,2.3,0.2,31.4,,70.0,31.4
Mark Alarie,https://www.basketball-reference.com/players/a/alarima01.html,"Power Forward


  
  ▪
  
  
  Shoots:
  
  Right","Position:
  
  Power Forward


  
  ▪
  
  
  
  
  Right",,,,,,"Phoenix, Arizona
us",Duke,"Brophy College Preparatory in Phoenix, Arizona","Denver Nuggets, 1st round (18th pick, 18th overall), 1986 NBA Draft","October 31, 1986",325,7.5,3.4,1.1,47.5,,77.5,48.3
Gary Alcorn,https://www.basketball-reference.com/players/a/alcorga01.html,"Center


  
  ▪
  
  
  Shoots:
  
  Right","Position:
  
  Center


  
  ▪
  
  
  
  
  Right",,,,,,"Fresno, California
us",Fresno State,"Roosevelt in Fresno, California","Minneapolis Lakers, 13th round (1st pick, 83rd overall), 1958 NBA Draft, and Detroit Pistons, 3rd round (2nd pick, 18th overall), 1959 NBA Draft","October 18, 1959",78,3.3,4.2,0.3,29.3,,59.8,
Santi Aldama,https://www.basketball-reference.com/players/a/aldamsa01.html,"Power Forward


  
  ▪
  
  
  Shoots:
  
  Right","Position:
  
  Power Forward


  
  ▪
  
  
  
  
  Right",,,,,,"Las Palmas, Spa",Loyola (MD),"Canterbury Academy in Las Palmas, Spain","Utah Jazz, 1st round (30th pick, 30th overall), 2021 NBA Draft","October 27, 2021",201,9.4,5.2,1.7,45.9,,70.3,54.4
Furkan Aldemir,https://www.basketball-reference.com/players/a/aldemfu01.html,"Power Forward


  
  ▪
  
  
  Shoots:
  
  Right","Position:
  
  Power Forward


  
  ▪
  
  
  
  
  Right",,,,,,"Konak, Turkey
tr",,,"Los Angeles Clippers, 2nd round (23rd pick, 53rd overall), 2012 NBA Draft","December 15, 2014",41,2.3,4.3,0.7,51.3,,48.1,51.3
Cole Aldrich,https://www.basketball-reference.com/players/a/aldrico01.html,"Center


  
  ▪
  
  
  Shoots:
  
  Right","Position:
  
  Center


  
  ▪
  
  
  
  
  Right",,,,,,"Burnsville, M",Kansas,"Thomas Jefferson in Bloomington, Minnesota","New Orleans Hornets, 1st round (11th pick, 11th overall), 2010 NBA Draft","October 31, 2010",339,3.1,3.3,0.5,52.7,,73.8,52.7
LaMarcus Aldridge,https://www.basketball-reference.com/players/a/aldrila01.html,"Power Forward and Center


  
  ▪
  
  
  Shoots:
  
  Right","Position:
  
  Power Forward and Center


  
  ▪
  
  
  
  
  Right",,,,,,"Dallas, Texas
us",Texas,"Seagoville in Dallas, Texas","Chicago Bulls, 1st round (2nd pick, 2nd overall), 2006 NBA Draft","November 12, 2006",1076,19.1,8.1,1.9,49.3,,81.3,49.9
Chuck Aleksinas,https://www.basketball-reference.com/players/a/aleksch01.html,"Center


  
  ▪
  
  
  Shoots:
  
  Right","Position:
  
  Center


  
  ▪
  
  
  
  
  Right",,,,,,"Litchfield, Connecticut
us",,"Wamogo in Litchfield, Connecticut","Chicago Bulls, 4th round (7th pick, 76th overall), 1982 NBA Draft","October 26, 1984",74,5.1,3.6,0.5,47.8,,73.3,47.8
Cliff Alexander,https://www.basketball-reference.com/players/a/alexacl01.html,"Power Forward


  
  ▪
  
  
  Shoots:
  
  Right","Position:
  
  Power Forward


  
  ▪
  
  
  
  
  Right",,,,,,"Chicago, Ill",Kansas,"Curie in Chicago, Illinois",,"November 15, 2015",8,1.3,0.8,0.0,50.0,,-,50.0
Cory Alexander,https://www.basketball-reference.com/players/a/alexaco01.html,"Point Guard and Shooting Guard


  
  ▪
  
  
  Shoots:
  
  Right","Position:
  
  Point Guard and Shooting Guard


  
  ▪
  
  
  
  
  Right",,,,,,"Waynesboro, Virg",Virginia,"Oak Hill Academy in Mouth of Wilson, Virginia","San Antonio Spurs, 1st round (29th pick, 29th overall), 1995 NBA Draft","November 4, 1995",307,5.5,1.6,2.7,38.9,,75.6,46.8
Courtney Alexander,https://www.basketball-reference.com/players/a/alexaco02.html,"Point Guard and Shooting Guard


  
  ▪
  
  
  Shoots:
  
  Right","Position:
  
  Point Guard and Shooting Guard


  
  ▪
  
  
  
  
  Right",,,,,,"Bridgeport, Connecticut
us",,"Jordan in Durham, North Carolina","Orlando Magic, 1st round (13th pick, 13th overall), 2000 NBA Draft","November 4, 2000",187,9.0,2.2,1.2,42.2,,81.3,43.5
Gary Alexander,https://www.basketball-reference.com/players/a/alexaga01.html,"Power Forward


  
  ▪
  
  
  Shoots:
  
  Right","Position:
  
  Power Forward


  
  ▪
  
  
  
  
  Right",,,,,,"Jacksonville, Florida
us",South Florida,"William M. Raines in Jacksonville, Florida",,"November 5, 1993",11,1.7,1.4,0.2,57.1,,33.3,57.1
Joe Alexander,https://www.basketball-reference.com/players/a/alexajo01.html,"Small Forward


  
  ▪
  
  
  Shoots:
  
  Right","Position:
  
  Small Forward


  
  ▪
  
  
  
  
  Right",,,,,,"Kaohsiung, Taiwan
tw",West Virginia,,"Milwaukee Bucks, 1st round (8th pick, 8th overall), 2008 NBA Draft","November 2, 2008",67,4.2,1.8,0.7,41.0,,69.8,44.2
Kyle Alexander,https://www.basketball-reference.com/players/a/alexaky01.html,"Center


  
  ▪
  
  
  Shoots:
  
  Right","Position:
  
  Center


  
  ▪
  
  
  
  
  Right",,,,,,"Scarborough, Ontario
ca",Tennessee,"Athlete Institute in Mono, Canada",,"August 6, 2020",2,1.0,1.5,0.0,50.0,,-,50.0
Trey Alexander,https://www.basketball-reference.com/players/a/alexatr01.html,"Shooting Guard


  
  ▪
  
  
  Shoots:
  
  Right","Position:
  
  Shooting Guard


  
  ▪
  
  
  
  
  Right",,,,,,"Oklahoma City, Oklahoma
us",Creighton,"Heritage Hall School in Oklahoma City, Oklahoma",,"October 24, 2024",10,0.9,0.1,0.3,25.0,,100.0,29.2
Ty-Shon Alexander,https://www.basketball-reference.com/players/a/alexaty01.html,"Shooting Guard


  
  ▪
  
  
  Shoots:
  
  Right","Position:
  
  Shooting Guard


  
  ▪
  
  
  
  
  Right",,,,,,"Charlotte, North Carol",Creighton,,,"December 27, 2020",15,0.6,0.7,0.4,25.0,,50.0,33.3
Victor Alexander,https://www.basketball-reference.com/players/a/alexavi01.html,"Center


  
  ▪
  
  
  Shoots:
  
  Right","Position:
  
  Center


  
  ▪
  
  
  
  
  Right",,,,,,"Detroit, Michigan
us",Iowa State,"Denby in Detroit, Michigan","Golden State Warriors, 1st round (17th pick, 17th overall), 1991 NBA Draft","November 1, 1991",286,8.9,4.8,0.9,51.8,,63.4,52.2
Nickeil Alexander-Walker,https://www.basketball-reference.com/players/a/alexani01.html,"Shooting Guard


  
  ▪
  
  
  Shoots:
  
  Right","Position:
  
  Shooting Guard


  
  ▪
  
  
  
  
  Right",,,,,,"Toronto, Ontario
ca",Virginia Tech,"Hamilton Heights Christian in Chattanooga, Tennessee","Brooklyn Nets, 1st round (17th pick, 17th overall), 2019 NBA Draft","October 22, 2019",328,8.4,2.3,2.2,41.4,,73.3,51.0
Steve Alford,https://www.basketball-reference.com/players/a/alforst01.html,"Point Guard


  
  ▪
  
  
  Shoots:
  
  Right","Position:
  
  Point Guard


  
  ▪
  
  
  
  
  Right",,,,,,Frankl,Indiana,"Chrysler in New Castle, Indiana","Dallas Mavericks, 2nd round (3rd pick, 26th overall), 1987 NBA Draft","November 6, 1987",169,4.4,0.9,1.0,45.9,,87.0,48.7
Rawle Alkins,https://www.basketball-reference.com/players/a/alkinra01.html,"Shooting Guard


  
  ▪
  
  
  Shoots:
  
  Right","Position:
  
  Shooting Guard


  
  ▪
  
  
  
  
  Right",,,,,,"Brooklyn, New York
us",Arizona,"Word of God Academy in Raleigh, North Carolina",,"December 17, 2018",10,3.7,2.6,1.3,33.3,,66.7,37.2
Bill Allen,https://www.basketball-reference.com/players/a/allenbi01.html,"Center


  
  ▪
  
  
  Shoots:
  
  Right","Position:
  
  Center


  
  ▪
  
  
  
  
  Right",,,,,,,New Mexico State,"Manual Arts in Los Angeles, California",,,38,7.9,7.1,0.6,42.9,,58.6,43.2
Bob Allen,https://www.basketball-reference.com/players/a/allenbo01.html,"Power Forward


  
  ▪
  
  
  Shoots:
  
  Right","Position:
  
  Power Forward


  
  ▪
  
  
  
  
  Right",,,,,,,Marshall,,"San Francisco Warriors, 6th round (7th pick, 71st overall), 1968 NBA Draft","October 29, 1968",27,1.8,2.1,0.4,32.6,,55.6,
Grayson Allen,https://www.basketball-reference.com/players/a/allengr01.html,"Shooting Guard


  
  ▪
  
  
  Shoots:
  
  Right","Position:
  
  Shooting Guard


  
  ▪
  
  
  
  
  Right",,,,,,"Jacksonville, Florida
us",Duke,"Providence School in Jacksonville, Florida","Utah Jazz, 1st round (21st pick, 21st overall), 2018 NBA Draft","October 22, 2018",362,10.5,3.0,2.0,44.8,,86.3,58.2
Jarrett Allen,https://www.basketball-reference.com/players/a/allenja01.html,"Center


  
  ▪
  
  
  Shoots:
  
  Right","Position:
  
  Center


  
  ▪
  
  
  
  
  Right",,,,,,"San Diego, California
us",Texas,"St. Stephen's Episcopal School in Austin, Texas","Brooklyn Nets, 1st round (22nd pick, 22nd overall), 2017 NBA Draft","October 20, 2017",516,12.7,9.2,1.6,63.3,,71.2,63.6
Jerome Allen,https://www.basketball-reference.com/players/a/allenje01.html,"Shooting Guard


  
  ▪
  
  
  Shoots:
  
  Right","Position:
  
  Shooting Guard


  
  ▪
  
  
  
  
  Right",,,,,,"Philadelphia, Pennsylvania
us",Penn,"The Episcopal Academy in Newtown Square, Pennsylvania","Minnesota Timberwolves, 2nd round (20th pick, 49th overall), 1995 NBA Draft","November 3, 1995",117,2.9,1.1,1.7,35.0,,63.0,41.1
Kadeem Allen,https://www.basketball-reference.com/players/a/allenka01.html,"Point Guard


  
  ▪
  
  
  Shoots:
  
  Right","Position:
  
  Point Guard


  
  ▪
  
  
  
  
  Right",,,,,,Wilm,Arizona,"New Hanover in Wilmington, North Carolina","Boston Celtics, 2nd round (23rd pick, 53rd overall), 2017 NBA Draft","December 11, 2017",47,5.5,1.5,2.3,43.5,,75.7,48.8
Lavoy Allen,https://www.basketball-reference.com/players/a/allenla01.html,"Power Forward and Center


  
  ▪
  
  
  Shoots:
  
  Right","Position:
  
  Power Forward and Center


  
  ▪
  
  
  
  
  Right",,,,,,"Morrisville, Pennsylvania
us",Temple,"Pennsbury in Fairless Hills, Pennsylvania","Philadelphia 76ers, 2nd round (20th pick, 50th overall), 2011 NBA Draft","January 7, 2012",388,4.8,4.8,1.0,47.1,,68.2,47.2
Lucius Allen,https://www.basketball-reference.com/players/a/allenlu01.html,"Point Guard


  
  ▪
  
  
  Shoots:
  
  Right","Position:
  
  Point Guard


  
  ▪
  
  
  
  
  Right",,,,,,"Kansas City, Kansas
us",UCLA,"Wyandotte in Kansas City, Kansas","Seattle SuperSonics, 1st round (3rd pick, 3rd overall), 1969 NBA Draft","October 14, 1969",702,13.4,3.1,4.5,46.3,,76.0,
Malik Allen,https://www.basketball-reference.com/players/a/allenma01.html,"Power Forward


  
  ▪
  
  
  Shoots:
  
  Right","Position:
  
  Power Forward


  
  ▪
  
  
  
  
  Right",,,,,,Will,Villanova,"Shawnee in Medford, New Jersey",,"November 30, 2001",478,4.9,2.8,0.5,43.9,,77.8,44.0
Randy Allen,https://www.basketball-reference.com/players/a/allenra01.html,"Shooting Guard


  
  ▪
  
  
  Shoots:
  
  Right","Position:
  
  Shooting Guard


  
  ▪
  
  
  
  
  Right",,,,,,"Milton, Florida
us",Florida State,"Milton in Milton, Florida",,"March 9, 1989",70,3.6,2.1,0.3,44.2,,53.3,44.2
Ray Allen,https://www.basketball-reference.com/players/a/allenra02.html,"Shooting Guard


  
  ▪
  
  
  Shoots:
  
  Right","Position:
  
  Shooting Guard


  
  ▪
  
  
  
  
  Right",,,,,,"Merced, California
us",UConn,"Hillcrest in Dalzell, South Carolina","Minnesota Timberwolves, 1st round (5th pick, 5th overall), 1996 NBA Draft","November 1, 1996",1300,18.9,4.1,3.4,45.2,,89.4,53.0
Timmy Allen,https://www.basketball-reference.com/players/a/allenti01.html,"Small Forward


  
  ▪
  
  
  Shoots:
  
  Right","Position:
  
  Small Forward


  
  ▪
  
  
  
  
  Right",,,,,,"Mesa, Arizona
us",,,,"April 6, 2024",5,2.6,3.4,1.0,26.1,,50.0,26.1
Tony Allen,https://www.basketball-reference.com/players/a/allento01.html,"Shooting Guard, Small Forward, and Point Guard


  
  ▪
  
  
  Shoots:
  
  Right","Position:
  
  Shooting Guard, Small Forward, and Point Guard


  
  ▪
  
  
  
  
  Right",,,,,,"Chicago, Ill",,"Crane Technical Preparatory in Chicago, Illinois","Boston Celtics, 1st round (25th pick, 25th overall), 2004 NBA Draft","November 3, 2004",820,8.1,3.5,1.3,47.5,,70.9,48.7
Willie Allen,https://www.basketball-reference.com/players/a/allenwi01.html,"Power Forward


  
  ▪
  
  
  Shoots:
  
  Right","Position:
  
  Power Forward


  
  ▪
  
  
  
  
  Right",,,,,,,Miami (FL),"Richard Montgomery in Rockville, Maryland","Baltimore Bullets, 4th round (9th pick, 60th overall), 1971 NBA Draft",,7,1.9,2.0,0.6,30.8,,83.3,30.8
Odis Allison,https://www.basketball-reference.com/players/a/allisod01.html,"Small Forward


  
  ▪
  
  
  Shoots:
  
  Right","Position:
  
  Small Forward


  
  ▪
  
  
  
  
  Right",,,,,,,UNLV,"McClymonds in Oakland, California","Golden State Warriors, 5th round (8th pick, 76th overall), 1971 NBA Draft","October 15, 1971",36,1.9,1.3,0.3,21.8,,54.1,
Lance Allred,https://www.basketball-reference.com/players/a/allrela01.html,"Center


  
  ▪
  
  
  Shoots:
  
  Right","Position:
  
  Center


  
  ▪
  
  
  
  
  Right",,,,,,"Salt Lake City, Utah
us",,"East in Salt Lake City, Utah",,"March 17, 2008",3,1.0,0.3,0.0,25.0,,50.0,25.0
Darrell Allums,https://www.basketball-reference.com/players/a/allumda01.html,"Power Forward


  
  ▪
  
  
  Shoots:
  
  Right","Position:
  
  Power Forward


  
  ▪
  
  
  
  
  Right",,,,,,"Los Angeles, California
us",UCLA,"Lynwood in Lynwood, California","Dallas Mavericks, 5th round (11th pick, 103rd overall), 1980 NBA Draft","October 11, 1980",22,2.7,3.0,1.1,34.3,,59.1,34.3
Morris Almond,https://www.basketball-reference.com/players/a/almonmo01.html,"Shooting Guard


  
  ▪
  
  
  Shoots:
  
  Right","Position:
  
  Shooting Guard


  
  ▪
  
  
  
  
  Right",,,,,,"Dalton, Georgia
us",Rice University,"McEachern in Powder Springs, Georgia","Utah Jazz, 1st round (25th pick, 25th overall), 2007 NBA Draft","November 7, 2007",38,3.1,1.2,0.3,38.1,,74.3,41.2
Derrick Alston,https://www.basketball-reference.com/players/a/alstode01.html,"Center


  
  ▪
  
  
  Shoots:
  
  Right","Position:
  
  Center


  
  ▪
  
  
  
  
  Right",,,,,,"Bronx, New York
us",Duquesne,"Hoboken in Hoboken, New Jersey","Philadelphia 76ers, 2nd round (6th pick, 33rd overall), 1994 NBA Draft","November 4, 1994",139,5.4,3.8,0.7,48.9,,48.7,49.0
Rafer Alston,https://www.basketball-reference.com/players/a/alstora01.html,"Point Guard


  
  ▪
  
  
  Shoots:
  
  Right","Position:
  
  Point Guard


  
  ▪
  
  
  
  
  Right",,,,,,"New York, New York
us",Fresno State,"Benjamin Cardozo in Bayside, New York","Milwaukee Bucks, 2nd round (10th pick, 39th overall), 1998 NBA Draft","February 17, 2000",671,10.1,2.8,4.8,38.3,,72.9,46.1
Peter Aluma,https://www.basketball-reference.com/players/a/alumape01.html,"Center


  
  ▪
  
  
  Shoots:
  
  Right","Position:
  
  Center


  
  ▪
  
  
  
  
  Right",,,,,,"Lagos, Nigeria
ng",Liberty,"Okota Grammar School in Isolo, Nigeria",,"February 5, 1999",2,1.0,1.0,0.0,50.0,,-,50.0
Jose Alvarado,https://www.basketball-reference.com/players/a/alvarjo01.html,"Point Guard


  
  ▪
  
  
  Shoots:
  
  Right","Position:
  
  Point Guard


  
  ▪
  
  
  
  
  Right",,,,,,"Brooklyn, New York
us",Georgia Tech,"Christ the King in Queens, New York",,"November 3, 2021",182,7.7,2.2,2.8,41.8,,74.3,50.7
John Amaechi,https://www.basketball-reference.com/players/a/amaecjo01.html,"Center and Power Forward


  
  ▪
  
  
  Shoots:
  
  Right","Position:
  
  Center and Power Forward


  
  ▪
  
  
  
  
  Right",,,,,,"Boston, Massachusetts
us",,"St John's Jesuit in Toledo, Ohio",,"November 3, 1995",294,6.2,2.6,0.8,40.3,,67.1,40.3
Ashraf Amaya,https://www.basketball-reference.com/players/a/amayaas01.html,"Power Forward


  
  ▪
  
  
  Shoots:
  
  Right","Position:
  
  Power Forward


  
  ▪
  
  
  
  
  Right",,,,,,"Oak Park, Ill",Southern Illinois,"Walther Lutheran in Melrose Park, Illinois",,"November 7, 1995",85,4.5,4.2,0.4,45.5,,63.3,45.7
Al-Farouq Aminu,https://www.basketball-reference.com/players/a/aminual01.html,"Power Forward and Small Forward


  
  ▪
  
  
  Shoots:
  
  Right","Position:
  
  Power Forward and Small Forward


  
  ▪
  
  
  
  
  Right",,,,,,"Atlanta, Georgia
us",Wake Forest,"Norcross in Norcross, Georgia","Los Angeles Clippers, 1st round (8th pick, 8th overall), 2010 NBA Draft","October 27, 2010",711,7.5,6.0,1.2,42.0,,74.6,47.8
Lou Amundson,https://www.basketball-reference.com/players/a/amundlo01.html,"Power Forward


  
  ▪
  
  
  Shoots:
  
  Right","Position:
  
  Power Forward


  
  ▪
  
  
  
  
  Right",,,,,,"Ventura, California
us",UNLV,"Monarch in Louisville, Colorado",,"February 24, 2007",428,3.7,3.6,0.4,47.4,,44.4,47.4
Bob Anderegg,https://www.basketball-reference.com/players/a/anderbo01.html,"Small Forward


  
  ▪
  
  
  Shoots:
  
  Right","Position:
  
  Small Forward


  
  ▪
  
  
  
  
  Right",,,,,,"Monroe, Wiscons",Michigan State,"Monroe in Monroe, Wisconsin","New York Knicks, 3rd round (6th pick, 22nd overall), 1959 NBA Draft","October 31, 1959",33,4.0,2.1,0.9,38.5,,54.8,
Chris Andersen,https://www.basketball-reference.com/players/a/anderch01.html,"Center and Power Forward


  
  ▪
  
  
  Shoots:
  
  Right","Position:
  
  Center and Power Forward


  
  ▪
  
  
  
  
  Right",,,,,,"Long Beach, California
us",Blinn College,"Iola in Iola, Texas",,"November 23, 2001",695,5.4,5.0,0.5,53.2,,65.4,53.5
David Andersen,https://www.basketball-reference.com/players/a/anderda03.html,"Power Forward and Center


  
  ▪
  
  
  Shoots:
  
  Right","Position:
  
  Power Forward and Center


  
  ▪
  
  
  
  
  Right",,,,,,"Melbourne, Australia
au",,,"Atlanta Hawks, 2nd round (8th pick, 37th overall), 2002 NBA Draft","October 27, 2009",103,4.9,2.8,0.6,44.0,,67.4,47.8
Alan Anderson,https://www.basketball-reference.com/players/a/anderal01.html,"Small Forward and Shooting Guard


  
  ▪
  
  
  Shoots:
  
  Right","Position:
  
  Small Forward and Shooting Guard


  
  ▪
  
  
  
  
  Right",,,,,,M,Michigan State,"DeLaSalle in Minneapolis, Minnesota",,"November 12, 2005",330,7.3,2.2,1.1,40.5,,81.6,48.4
Andy Anderson,https://www.basketball-reference.com/players/a/anderan01.html,"Shooting Guard and Point Guard


  
  ▪
  
  
  Shoots:
  
  Right","Position:
  
  Shooting Guard and Point Guard


  
  ▪
  
  
  
  
  Right",,,,,,"Buffalo, New York
us",Canisius,"Maryvale in Cheektowaga, New York","Boston Celtics, 8th round (9th pick, 88th overall), 1967 NBA Draft",,194,10.7,2.7,1.7,41.0,,75.5,41.3
Antonio Anderson,https://www.basketball-reference.com/players/a/anderan02.html,"Small Forward


  
  ▪
  
  
  Shoots:
  
  Right","Position:
  
  Small Forward


  
  ▪
  
  
  
  
  Right",,,,,,"Lynn, Massachusetts
us",Memphis,"Laurinburg Institute in Laurinburg, North Carolina",,"March 3, 2010",1,2.0,1.0,0.0,33.3,,-,33.3
Cliff Anderson,https://www.basketball-reference.com/players/a/andercl01.html,"Shooting Guard


  
  ▪
  
  
  Shoots:
  
  Right","Position:
  
  Shooting Guard


  
  ▪
  
  
  
  
  Right",,,,,,,Saint Joseph's,"Thomas Edison in Philadelphia, Pennsylvania","Los Angeles Lakers, 4th round (4th pick, 35th overall), 1967 NBA Draft","October 17, 1967 ▪ ABA Debut: November 18, 1969",84,3.0,1.3,0.9,35.4,,58.5,35.4
Dan Anderson,https://www.basketball-reference.com/players/a/anderda01.html,"Center


  
  ▪
  
  
  Shoots:
  
  Right","Position:
  
  Center


  
  ▪
  
  
  
  
  Right",,,,,,M,Augsburg College,"Portland in Portland, North Dakota","Philadelphia 76ers, 12th round (3rd pick, 92nd overall), 1965 NBA Draft",,140,12.2,9.4,1.1,48.1,,72.7,48.1
Dan Anderson,https://www.basketball-reference.com/players/a/anderda02.html,"Point Guard and Shooting Guard


  
  ▪
  
  
  Shoots:
  
  Right","Position:
  
  Point Guard and Shooting Guard


  
  ▪
  
  
  
  
  Right",,,,,,,USC,"North Torrance in Torrance, California","Portland Trail Blazers, 6th round (2nd pick, 92nd overall), 1974 NBA Draft","October 27, 1974",95,3.7,1.0,1.7,47.2,,84.6,
Derek Anderson,https://www.basketball-reference.com/players/a/anderde01.html,"Shooting Guard, Small Forward, and Point Guard


  
  ▪
  
  
  Shoots:
  
  Right","Position:
  
  Shooting Guard, Small Forward, and Point Guard


  
  ▪
  
  
  
  
  Right",,,,,,"Louisville, Kentucky
us",,"Doss in Louisville, Kentucky","Cleveland Cavaliers, 1st round (13th pick, 13th overall), 1997 NBA Draft","October 31, 1997",615,12.0,3.2,3.4,40.8,,85.3,46.3
Dwight Anderson,https://www.basketball-reference.com/players/a/anderdw01.html,"Point Guard


  
  ▪
  
  
  Shoots:
  
  Right","Position:
  
  Point Guard


  
  ▪
  
  
  
  
  Right",,,,,,"Dayton, Ohio
us",,"Roth in Dayton, Ohio","Washington Bullets, 2nd round (18th pick, 41st overall), 1982 NBA Draft","December 30, 1982",5,4.2,0.4,0.6,50.0,,70.0,50.0
Eric Anderson,https://www.basketball-reference.com/players/a/anderer01.html,"Power Forward


  
  ▪
  
  
  Shoots:
  
  Right","Position:
  
  Power Forward


  
  ▪
  
  
  
  
  Right",,,,,,"Chicago, Ill",Indiana,"St. Francis de Sales in Chicago, Illinois",,"November 16, 1992",27,1.6,1.1,0.2,34.3,,59.3,37.1
Greg Anderson,https://www.basketball-reference.com/players/a/andergr01.html,"Power Forward and Center


  
  ▪
  
  
  Shoots:
  
  Right","Position:
  
  Power Forward and Center


  
  ▪
  
  
  
  
  Right",,,,,,"Houston, Texas
us",Houston,"Evan E. Worthing in Houston, Texas","San Antonio Spurs, 1st round (23rd pick, 23rd overall), 1987 NBA Draft","November 6, 1987",680,7.3,6.2,0.6,49.2,,55.7,49.2
J.J. Anderson,https://www.basketball-reference.com/players/a/anderjj01.html,"Small Forward


  
  ▪
  
  
  Shoots:
  
  Right","Position:
  
  Small Forward


  
  ▪
  
  
  
  
  Right",,,,,,"Chicago, Ill",Bradley,"Metro in Chicago, Illinois","Philadelphia 76ers, 2nd round (13th pick, 36th overall), 1982 NBA Draft","October 29, 1982",157,4.8,2.8,0.7,46.5,,55.8,46.5
James Anderson,https://www.basketball-reference.com/players/a/anderja01.html,"Shooting Guard and Small Forward


  
  ▪
  
  
  Shoots:
  
  Right","Position:
  
  Shooting Guard and Small Forward


  
  ▪
  
  
  
  
  Right",,,,,,"El Dorado, Arkansas
us",Oklahoma State,"Junction City in Junction City, Arkansas","San Antonio Spurs, 1st round (20th pick, 20th overall), 2010 NBA Draft","October 27, 2010",247,5.8,2.3,1.2,41.1,,75.5,48.8
Jerome Anderson,https://www.basketball-reference.com/players/a/anderje01.html,"Shooting Guard


  
  ▪
  
  
  Shoots:
  
  Right","Position:
  
  Shooting Guard


  
  ▪
  
  
  
  
  Right",,,,,,"Mullens, West Virg",West Virginia,"Mullens in Mullens, West Virginia","Boston Celtics, 3rd round (17th pick, 53rd overall), 1975 NBA Draft","December 12, 1975",49,2.6,0.5,0.3,49.0,,69.4,
Justin Anderson,https://www.basketball-reference.com/players/a/anderju01.html,"Small Forward and Shooting Guard


  
  ▪
  
  
  Shoots:
  
  Left","Position:
  
  Small Forward and Shooting Guard


  
  ▪
  
  
  
  
  Left",,,,,,"Montross, Virg",Virginia,"Montrose Christian School in Rockville, Maryland","Dallas Mavericks, 1st round (21st pick, 21st overall), 2015 NBA Draft","October 28, 2015",242,5.3,2.6,0.8,41.0,,77.5,48.2
Kenny Anderson,https://www.basketball-reference.com/players/a/anderke01.html,"Point Guard


  
  ▪
  
  
  Shoots:
  
  Left","Position:
  
  Point Guard


  
  ▪
  
  
  
  
  Left",,,,,,"Queens, New York
us",Georgia Tech,"Archbishop Molloy in Queens, New York","New Jersey Nets, 1st round (2nd pick, 2nd overall), 1991 NBA Draft","November 9, 1991",858,12.6,3.1,6.1,42.1,,79.0,44.9
Kim Anderson,https://www.basketball-reference.com/players/a/anderki01.html,"Small Forward


  
  ▪
  
  
  Shoots:
  
  Right","Position:
  
  Small Forward


  
  ▪
  
  
  
  
  Right",,,,,,"Sedalia, Missouri
us",Missouri,"Smith-Cotton in Sedali, Missouri","Portland Trail Blazers, 2nd round (6th pick, 28th overall), 1977 NBA Draft, and Milwaukee Bucks, 7th round (15th pick, 146th overall), 1978 NBA Draft","October 15, 1978",21,3.0,2.1,0.7,31.2,,53.6,
Kyle Anderson,https://www.basketball-reference.com/players/a/anderky01.html,"Small Forward and Power Forward


  
  ▪
  
  
  Shoots:
  
  Right","Position:
  
  Small Forward and Power Forward


  
  ▪
  
  
  
  
  Right",,,,,,"New York, New York
us",UCLA,"St. Anthony in Jersey City, New Jersey","San Antonio Spurs, 1st round (30th pick, 30th overall), 2014 NBA Draft","November 6, 2014",678,6.8,4.3,2.8,47.7,,71.3,51.3
Michael Anderson,https://www.basketball-reference.com/players/a/andermi01.html,"Point Guard


  
  ▪
  
  
  Shoots:
  
  Right","Position:
  
  Point Guard


  
  ▪
  
  
  
  
  Right",,,,,,"Philadelphia, Pennsylvania
us",Drexel,"George Washington Carver High School of Engineering and Science in Philadelphia, Pennsylvania","Indiana Pacers, 3rd round (23rd pick, 73rd overall), 1988 NBA Draft","January 27, 1989",36,5.7,2.5,4.3,41.7,,69.5,42.0
Nick Anderson,https://www.basketball-reference.com/players/a/anderni01.html,"Shooting Guard and Small Forward


  
  ▪
  
  
  Shoots:
  
  Right","Position:
  
  Shooting Guard and Small Forward


  
  ▪
  
  
  
  
  Right",,,,,,"Chicago, Ill",Illinois,"Simeon in Chicago, Illinois","Orlando Magic, 1st round (11th pick, 11th overall), 1989 NBA Draft","November 4, 1989",800,14.4,5.1,2.6,44.6,,66.7,50.0
Richard Anderson,https://www.basketball-reference.com/players/a/anderri01.html,"Power Forward and Center


  
  ▪
  
  
  Shoots:
  
  Right","Position:
  
  Power Forward and Center


  
  ▪
  
  
  
  
  Right",,,,,,"San Pedro, California
us",UC Santa Barbara,"Rancho Alamitos in Garden Grove, California","San Diego Clippers, 2nd round (9th pick, 32nd overall), 1982 NBA Draft","October 29, 1982",407,5.6,3.5,1.5,41.2,,76.2,44.6
Ron Anderson,https://www.basketball-reference.com/players/a/anderro01.html,"Small Forward


  
  ▪
  
  
  Shoots:
  
  Right","Position:
  
  Small Forward


  
  ▪
  
  
  
  
  Right",,,,,,"Chicago, Ill",Fresno State,"Bowen in Chicago, Illinois - attended but did not play","Cleveland Cavaliers, 2nd round (3rd pick, 27th overall), 1984 NBA Draft","October 26, 1984",664,10.6,3.5,1.4,47.1,,81.4,47.9
Ryan Anderson,https://www.basketball-reference.com/players/a/anderry01.html,"Power Forward and Center


  
  ▪
  
  
  Shoots:
  
  Right","Position:
  
  Power Forward and Center


  
  ▪
  
  
  
  
  Right",,,,,,"Sacramento, California
us",California,"Oak Ridge in El Dorado Hills, California","New Jersey Nets, 1st round (21st pick, 21st overall), 2008 NBA Draft","October 29, 2008",649,12.3,5.3,0.9,42.2,,85.4,52.3
Shandon Anderson,https://www.basketball-reference.com/players/a/andersh01.html,"Shooting Guard and Small Forward


  
  ▪
  
  
  Shoots:
  
  Right","Position:
  
  Shooting Guard and Small Forward


  
  ▪
  
  
  
  
  Right",,,,,,"Atlanta, Georgia
us",Georgia,"Crim in Atlanta, Georgia","Utah Jazz, 2nd round (25th pick, 54th overall), 1996 NBA Draft","November 1, 1996",719,7.4,3.1,1.4,45.7,,73.9,49.2
Willie Anderson,https://www.basketball-reference.com/players/a/anderwi01.html,"Shooting Guard and Small Forward


  
  ▪
  
  
  Shoots:
  
  Right","Position:
  
  Shooting Guard and Small Forward


  
  ▪
  
  
  
  
  Right",,,,,,"Greenville, South Carol",Georgia,"East Atlanta in Atlanta, Georgia","San Antonio Spurs, 1st round (10th pick, 10th overall), 1988 NBA Draft","November 5, 1988",555,12.2,3.8,3.8,47.1,,78.6,47.9
Wally Anderzunas,https://www.basketball-reference.com/players/a/anderwa01.html,"Small Forward


  
  ▪
  
  
  Shoots:
  
  Right","Position:
  
  Small Forward


  
  ▪
  
  
  
  
  Right",,,,,,,Creighton,"Creighton Preparatory School in Omaha, Nebraska","Detroit Pistons, 6th round (6th pick, 70th overall), 1968 NBA Draft, and Atlanta Hawks, 2nd round (10th pick, 25th overall), 1969 NBA Draft","October 22, 1969",44,3.6,1.9,0.2,39.2,,63.0,
Martynas AndriuÅ¡keviÄius,https://www.basketball-reference.com/players/a/andrima01.html,"Center


  
  ▪
  
  
  Shoots:
  
  Right","Position:
  
  Center


  
  ▪
  
  
  
  
  Right",,,,,,"Kaunas, Lithuania
lt",,,"Orlando Magic, 2nd round (14th pick, 44th overall), 2005 NBA Draft","January 5, 2006",6,0.0,0.7,0.0,0.0,,-,0.0
Don Anielak,https://www.basketball-reference.com/players/a/anieldo01.html,"Forward


  
  ▪
  
  
  Shoots:
  
  Right","Position:
  
  Forward


  
  ▪
  
  
  
  
  Right",,,,,,"St. Louis, Missouri
us",Missouri State,"Bland in Bland, Missouri","New York Knicks, 3rd round (8th pick, 26th overall), 1954 NBA Draft","November 6, 1954",1,3.0,2.0,0.0,0.0,,75.0,
Ike Anigbogu,https://www.basketball-reference.com/players/a/anigbik01.html,"Center


  
  ▪
  
  
  Shoots:
  
  Right","Position:
  
  Center


  
  ▪
  
  
  
  
  Right",,,,,,"San Diego, California
us",UCLA,"Centennial in Corona, California","Indiana Pacers, 2nd round (17th pick, 47th overall), 2017 NBA Draft","October 20, 2017",14,0.9,0.9,0.1,33.3,,83.3,33.3
Michael Ansley,https://www.basketball-reference.com/players/a/anslemi01.html,"Small Forward


  
  ▪
  
  
  Shoots:
  
  Right","Position:
  
  Small Forward


  
  ▪
  
  
  
  
  Right",,,,,,Birm,Alabama,"Jackson-Olin in Birmingham, Alabama","Orlando Magic, 2nd round (10th pick, 37th overall), 1989 NBA Draft","November 6, 1989",149,6.9,4.2,0.4,51.3,,72.2,51.3
Chris Anstey,https://www.basketball-reference.com/players/a/anstech01.html,"Center


  
  ▪
  
  
  Shoots:
  
  Right","Position:
  
  Center


  
  ▪
  
  
  
  
  Right",,,,,,"Melbourne, Australia
au",,"Catholic Regional College in Melbourne, Australia","Portland Trail Blazers, 1st round (18th pick, 18th overall), 1997 NBA Draft","November 8, 1997",155,5.2,3.4,0.8,41.3,,75.5,41.6
Giannis Antetokounmpo,https://www.basketball-reference.com/players/a/antetgi01.html,"Power Forward, Small Forward, Point Guard, and Shooting Guard


  
  ▪
  
  
  Shoots:
  
  Right","Position:
  
  Power Forward, Small Forward, Point Guard, and Shooting Guard


  
  ▪
  
  
  
  
  Right",,,,,,"Athens, Greece
gr",,,"Milwaukee Bucks, 1st round (15th pick, 15th overall), 2013 NBA Draft","October 30, 2013",816,23.6,9.8,4.9,54.8,,69.8,56.8
Kostas Antetokounmpo,https://www.basketball-reference.com/players/a/antetko01.html,"Power Forward and Small Forward


  
  ▪
  
  
  Shoots:
  
  Right","Position:
  
  Power Forward and Small Forward


  
  ▪
  
  
  
  
  Right",,,,,,"Athens, Greece
gr",Dayton,"Dominican in Whitefish Bay, Wisconsin","Philadelphia 76ers, 2nd round (30th pick, 60th overall), 2018 NBA Draft","March 20, 2019",22,1.0,1.0,0.1,37.5,,47.4,37.5
Thanasis Antetokounmpo,https://www.basketball-reference.com/players/a/antetth01.html,"Small Forward and Power Forward


  
  ▪
  
  
  Shoots:
  
  Right","Position:
  
  Small Forward and Power Forward


  
  ▪
  
  
  
  
  Right",,,,,,"Athens, Greece
gr",,,"New York Knicks, 2nd round (21st pick, 51st overall), 2014 NBA Draft","January 29, 2016",198,2.4,1.6,0.6,50.9,,52.9,52.0
Carmelo Anthony,https://www.basketball-reference.com/players/a/anthoca01.html,"Small Forward and Power Forward


  
  ▪
  
  
  Shoots:
  
  Right","Position:
  
  Small Forward and Power Forward


  
  ▪
  
  
  
  
  Right",,,,,,"Brooklyn, New York
us",Syracuse,,"Denver Nuggets, 1st round (3rd pick, 3rd overall), 2003 NBA Draft","October 29, 2003",1260,22.5,6.2,2.7,44.7,,81.4,48.5
Cole Anthony,https://www.basketball-reference.com/players/a/anthoco01.html,"Point Guard


  
  ▪
  
  
  Shoots:
  
  Right","Position:
  
  Point Guard


  
  ▪
  
  
  
  
  Right",,,,,,"Portland, Oregon
us",UNC,,"Orlando Magic, 1st round (15th pick, 15th overall), 2020 NBA Draft","December 23, 2020",282,12.6,4.4,3.9,41.7,,84.7,47.9
Greg Anthony,https://www.basketball-reference.com/players/a/anthogr01.html,"Point Guard


  
  ▪
  
  
  Shoots:
  
  Left","Position:
  
  Point Guard


  
  ▪
  
  
  
  
  Left",,,,,,"Las Vegas, Nevada
us",,"Rancho in North Las Vegas, Nevada","New York Knicks, 1st round (12th pick, 12th overall), 1991 NBA Draft","November 1, 1991",757,7.3,1.9,4.0,40.3,,73.3,46.7
Joel Anthony,https://www.basketball-reference.com/players/a/anthojo01.html,"Center and Power Forward


  
  ▪
  
  
  Shoots:
  
  Left","Position:
  
  Center and Power Forward


  
  ▪
  
  
  
  
  Left",,,,,,"Montreal, Quebec
ca",UNLV,"Dawson in Montreal, Canada",,"November 27, 2007",490,2.2,2.8,0.2,51.3,,66.2,51.3
Pero AntiÄ,https://www.basketball-reference.com/players/a/anticpe01.html,"Center


  
  ▪
  
  
  Shoots:
  
  Right","Position:
  
  Center


  
  ▪
  
  
  
  
  Right",,,,,,"Skopje, North Macedonia
mk",,,,"October 30, 2013",113,6.3,3.5,0.9,39.2,,73.0,48.3
OG Anunoby,https://www.basketball-reference.com/players/a/anunoog01.html,"Small Forward and Power Forward


  
  ▪
  
  
  Shoots:
  
  Right","Position:
  
  Small Forward and Power Forward


  
  ▪
  
  
  
  
  Right",,,,,,"London, United K",Indiana,"Jefferson City in Jefferson City, Missouri","Toronto Raptors, 1st round (23rd pick, 23rd overall), 2017 NBA Draft","October 19, 2017",448,12.3,4.3,1.6,47.4,,75.0,56.1
Keith Appling,https://www.basketball-reference.com/players/a/applike01.html,"Point Guard


  
  ▪
  
  
  Shoots:
  
  Right","Position:
  
  Point Guard


  
  ▪
  
  
  
  
  Right",,,,,,"Detroit, Michigan
us",Michigan State,"Pershing in Detroit, Michigan",,"January 18, 2016",5,1.2,0.2,0.2,25.0,,100.0,25.0
Rafael AraÃºjo,https://www.basketball-reference.com/players/a/araujra01.html,"Center


  
  ▪
  
  
  Shoots:
  
  Right","Position:
  
  Center


  
  ▪
  
  
  
  
  Right",,,,,,"Curitiba, Brazil
br",BYU,"Padre Anacleto in Sao Paulo, Brazil","Toronto Raptors, 1st round (8th pick, 8th overall), 2004 NBA Draft","November 3, 2004",139,2.8,2.8,0.3,40.5,,67.9,40.6
Stacey Arceneaux,https://www.basketball-reference.com/players/a/arcenst01.html,"Forward


  
  ▪
  
  
  Shoots:
  
  Right","Position:
  
  Forward


  
  ▪
  
  
  
  
  Right",,,,,,,Iowa State,"Taft in Bronx, New York",,"March 2, 1962",7,7.1,4.6,0.6,39.3,,46.2,
Robert Archibald,https://www.basketball-reference.com/players/a/archiro01.html,"Power Forward and Center


  
  ▪
  
  
  Shoots:
  
  Right","Position:
  
  Power Forward and Center


  
  ▪
  
  
  
  
  Right",,,,,,"Paisley, United K",Illinois,"Lafayette in Wildwood, Missouri","Memphis Grizzlies, 2nd round (3rd pick, 32nd overall), 2002 NBA Draft","November 9, 2002",44,1.2,1.6,0.4,28.3,,42.9,28.3
Tiny Archibald,https://www.basketball-reference.com/players/a/architi01.html,"Point Guard


  
  ▪
  
  
  Shoots:
  
  Left","Position:
  
  Point Guard


  
  ▪
  
  
  
  
  Left",,,,,,"New York, New York
us",,"DeWitt Clinton in Bronx, New York","Cincinnati Royals, 2nd round (2nd pick, 19th overall), 1970 NBA Draft","October 14, 1970",876,18.8,2.3,7.4,46.7,,81.0,46.8
Ryan Arcidiacono,https://www.basketball-reference.com/players/a/arcidry01.html,"Point Guard


  
  ▪
  
  
  Shoots:
  
  Right","Position:
  
  Point Guard


  
  ▪
  
  
  
  
  Right",,,,,,"Philadelphia, Pennsylvania
us",Villanova,"Neshaminy in Langhorne, Pennsylvania",,"October 19, 2017",257,4.0,1.8,1.9,42.1,,80.7,52.7
Jim Ard,https://www.basketball-reference.com/players/a/ardji01.html,"Center


  
  ▪
  
  
  Shoots:
  
  Right","Position:
  
  Center


  
  ▪
  
  
  
  
  Right",,,,,,"Harvey, Ill",Cincinnati,"Thornton Township in Harvey, Illinois","Seattle SuperSonics, 1st round (6th pick, 6th overall), 1970 NBA Draft","October 18, 1974 ▪ ABA Debut: October 16, 1970",431,4.4,4.3,0.6,40.2,,66.2,40.3
Gilbert Arenas,https://www.basketball-reference.com/players/a/arenagi01.html,"Point Guard


  
  ▪
  
  
  Shoots:
  
  Right","Position:
  
  Point Guard


  
  ▪
  
  
  
  
  Right",,,,,,"Tampa, Florida
us",Arizona,"Grant in Los Angeles, California","Golden State Warriors, 2nd round (2nd pick, 31st overall), 2001 NBA Draft","November 4, 2001",552,20.7,3.9,5.3,42.1,,80.3,48.2
Trevor Ariza,https://www.basketball-reference.com/players/a/arizatr01.html,"Small Forward and Shooting Guard


  
  ▪
  
  
  Shoots:
  
  Right","Position:
  
  Small Forward and Shooting Guard


  
  ▪
  
  
  
  
  Right",,,,,,"Miami, Florida
us",UCLA,"Westchester in Los Angeles, California","New York Knicks, 2nd round (14th pick, 43rd overall), 2004 NBA Draft","November 3, 2004",1118,10.4,4.8,2.1,42.2,,73.1,50.4
Paul Arizin,https://www.basketball-reference.com/players/a/arizipa01.html,"Small Forward


  
  ▪
  
  
  Shoots:
  
  Right","Position:
  
  Small Forward


  
  ▪
  
  
  
  
  Right",,,,,,"Philadelphia, Pennsylvania
us",Villanova,"La Salle College in Wyndmoor, Pennsylvania - attended but did not play","Philadelphia Warriors, 1st round (3rd pick, 3rd overall), 1950 NBA Draft (territorial selection)","November 4, 1950",713,22.8,8.6,2.3,42.1,,81.0,
Joe Arlauckas,https://www.basketball-reference.com/players/a/arlaujo01.html,"Small Forward


  
  ▪
  
  
  Shoots:
  
  Right","Position:
  
  Small Forward


  
  ▪
  
  
  
  
  Right",,,,,,"Rochester, New York
us",Niagara University,"Jefferson in Rochester, New York","Sacramento Kings, 4th round (5th pick, 74th overall), 1987 NBA Draft","November 6, 1987",9,3.8,1.4,0.9,32.6,,75.0,32.6
B.J. Armstrong,https://www.basketball-reference.com/players/a/armstbj01.html,"Point Guard


  
  ▪
  
  
  Shoots:
  
  Right","Position:
  
  Point Guard


  
  ▪
  
  
  
  
  Right",,,,,,"Detroit, Michigan
us",Iowa,"Brother Rice in Birmingham, Michigan","Chicago Bulls, 1st round (18th pick, 18th overall), 1989 NBA Draft","November 3, 1989",747,9.8,1.8,3.3,47.7,,85.6,51.3
Bob Armstrong,https://www.basketball-reference.com/players/a/armstbo01.html,"Center/Forward


  
  ▪
  
  
  Shoots:
  
  Right","Position:
  
  Center/Forward


  
  ▪
  
  
  
  
  Right",,,,,,"Detroit, Michigan
us",Michigan State,,"Rochester Royals, 6th round (2nd pick, 42nd overall), 1955 NBA Draft","November 15, 1956",19,1.5,2.1,0.2,29.7,,50.0,
Brandon Armstrong,https://www.basketball-reference.com/players/a/armstbr01.html,"Shooting Guard


  
  ▪
  
  
  Shoots:
  
  Left","Position:
  
  Shooting Guard


  
  ▪
  
  
  
  
  Left",,,,,,"San Francisco, California
us",Pepperdine,"Vallejo in Vallejo, California","Houston Rockets, 1st round (23rd pick, 23rd overall), 2001 NBA Draft","November 2, 2001",108,2.2,0.6,0.2,35.2,,60.0,39.5
Curly Armstrong,https://www.basketball-reference.com/players/a/armstcu01.html,"Guard/Forward


  
  ▪
  
  
  Shoots:
  
  Right","Position:
  
  Guard/Forward


  
  ▪
  
  
  
  
  Right",,,,,,"Fort Wayne, Indiana
us",Indiana,"Central in Fort Wayne, Indiana",,"November 3, 1948",153,6.8,2.3,2.3,29.5,,69.2,
Darrell Armstrong,https://www.basketball-reference.com/players/a/armstda01.html,"Point Guard


  
  ▪
  
  
  Shoots:
  
  Right","Position:
  
  Point Guard


  
  ▪
  
  
  
  
  Right",,,,,,"Gastonia, North Carol",Fayetteville State University,"Ashbrook in Gastonia, North Carolina",,"April 11, 1995",840,9.2,2.7,4.0,40.9,,87.1,48.0
Hilton Armstrong,https://www.basketball-reference.com/players/a/armsthi01.html,"Center and Power Forward


  
  ▪
  
  
  Shoots:
  
  Right","Position:
  
  Center and Power Forward


  
  ▪
  
  
  
  
  Right",,,,,,"Peekskill, New York
us",UConn,"Peekskill in Peekskill, New York","New Orleans/Oklahoma City Hornets, 1st round (12th pick, 12th overall), 2006 NBA Draft","November 1, 2006",292,3.0,2.6,0.3,50.1,,58.2,50.2
Tate Armstrong,https://www.basketball-reference.com/players/a/armstta01.html,"Shooting Guard


  
  ▪
  
  
  Shoots:
  
  Right","Position:
  
  Shooting Guard


  
  ▪
  
  
  
  
  Right",,,,,,"Moultrie, Georgia
us",Duke,"Spring Woods in Houston, Texas","Chicago Bulls, 1st round (13th pick, 13th overall), 1977 NBA Draft","October 18, 1977",92,3.8,1.0,1.1,45.4,,80.0,
Jesse Arnelle,https://www.basketball-reference.com/players/a/arnelje01.html,"Power Forward


  
  ▪
  
  
  Shoots:
  
  Right","Position:
  
  Power Forward


  
  ▪
  
  
  
  
  Right",,,,,,"New Rochelle, New York
us",Penn State,"New Rochelle in New Rochelle, New York","Fort Wayne Pistons, 2nd round (7th pick, 15th overall), 1955 NBA Draft","November 24, 1955",31,4.7,5.5,0.6,31.7,,62.3,
Jay Arnette,https://www.basketball-reference.com/players/a/arnetja01.html,"Shooting Guard and Point Guard


  
  ▪
  
  
  Shoots:
  
  Right","Position:
  
  Shooting Guard and Point Guard


  
  ▪
  
  
  
  
  Right",,,,,,Aust,Texas,"McCallum in Austin, Texas","Cincinnati Royals, 2nd round (1st pick, 9th overall), 1960 NBA Draft","October 16, 1963",114,3.7,1.0,1.2,36.5,,76.0,
Bob Arnzen,https://www.basketball-reference.com/players/a/arnzebo01.html,"Small Forward


  
  ▪
  
  
  Shoots:
  
  Right","Position:
  
  Small Forward


  
  ▪
  
  
  
  
  Right",,,,,,Cov,Notre Dame,"St. Xavier in Cincinnati, Ohio","Detroit Pistons, 8th round (4th pick, 103rd overall), 1969 NBA Draft","October 14, 1970 ▪ ABA Debut: November 21, 1969",111,4.0,2.0,0.3,46.5,,80.0,46.6
Carlos Arroyo,https://www.basketball-reference.com/players/a/arroyca01.html,"Point Guard and Shooting Guard


  
  ▪
  
  
  Shoots:
  
  Right","Position:
  
  Point Guard and Shooting Guard


  
  ▪
  
  
  
  
  Right",,,,,,"Fajardo, Puerto Rico
pr",Florida International University,"Colegio Santiago Apostol in Fajardo, Puerto Rico",,"October 30, 2001",569,6.6,1.7,3.1,43.8,,80.6,45.9
Darrell Arthur,https://www.basketball-reference.com/players/a/arthuda01.html,"Power Forward and Small Forward


  
  ▪
  
  
  Shoots:
  
  Right","Position:
  
  Power Forward and Small Forward


  
  ▪
  
  
  
  
  Right",,,,,,"Dallas, Texas
us",Kansas,"South Oak Cliff in Dallas, Texas","New Orleans Hornets, 1st round (27th pick, 27th overall), 2008 NBA Draft","October 29, 2008",503,6.5,3.5,0.8,44.4,,76.5,47.0
John Arthurs,https://www.basketball-reference.com/players/a/arthujo01.html,"Guard


  
  ▪
  
  
  Shoots:
  
  Right","Position:
  
  Guard


  
  ▪
  
  
  
  
  Right",,,,,,,Tulane,"De La Salle in New Orleans, Louisiana","Milwaukee Bucks, 6th round (2nd pick, 73rd overall), 1969 NBA Draft","October 19, 1969",11,3.2,1.3,1.5,34.3,,73.3,
Jamel Artis,https://www.basketball-reference.com/players/a/artisja01.html,"Shooting Guard


  
  ▪
  
  
  Shoots:
  
  Right","Position:
  
  Shooting Guard


  
  ▪
  
  
  
  
  Right",,,,,,"Baltimore, Maryland
us",Pitt,"Notre Dame Prep in Fitchburg, Massachusetts",,"December 13, 2017",15,5.1,2.5,1.2,39.2,,58.3,44.3
Ãmer AÅÄ±k,https://www.basketball-reference.com/players/a/asikom01.html,"Center


  
  ▪
  
  
  Shoots:
  
  Right","Position:
  
  Center


  
  ▪
  
  
  
  
  Right",,,,,,"Bursa, Turkey
tr",,,"Portland Trail Blazers, 2nd round (6th pick, 36th overall), 2008 NBA Draft","October 27, 2010",471,5.3,7.1,0.6,52.8,,55.1,52.8
Vincent Askew,https://www.basketball-reference.com/players/a/askewvi01.html,"Shooting Guard


  
  ▪
  
  
  Shoots:
  
  Right","Position:
  
  Shooting Guard


  
  ▪
  
  
  
  
  Right",,,,,,"Memphis, Tennessee
us",Memphis,"Frayser in Memphis, Tennessee","Philadelphia 76ers, 2nd round (16th pick, 39th overall), 1987 NBA Draft","November 6, 1987",467,7.1,2.5,2.2,47.9,,75.4,49.4
Keith Askins,https://www.basketball-reference.com/players/a/askinke01.html,"Small Forward


  
  ▪
  
  
  Shoots:
  
  Right","Position:
  
  Small Forward


  
  ▪
  
  
  
  
  Right",,,,,,"Athens, Alabama
us",Alabama,"Athens in Athens, Alabama",,"December 11, 1990",486,3.8,2.9,0.8,40.1,,71.7,48.3
Don Asmonga,https://www.basketball-reference.com/players/a/asmondo01.html,"Guard


  
  ▪
  
  
  Shoots:
  
  Right","Position:
  
  Guard


  
  ▪
  
  
  
  
  Right",,,,,,West Miffl,Alliance College,"Homestead in Homestead, Pennsylvania",,"December 29, 1953",7,0.7,0.1,0.7,13.3,,100.0,
Dick Atha,https://www.basketball-reference.com/players/a/athadi01.html,"Shooting Guard


  
  ▪
  
  
  Shoots:
  
  Right","Position:
  
  Shooting Guard


  
  ▪
  
  
  
  
  Right",,,,,,Otterbe,Indiana State University,"Otterbein in Otterbein, Indiana","New York Knicks, 3rd round, 1953 NBA Draft","November 10, 1955",43,3.2,1.5,1.2,39.3,,79.5,
Chucky Atkins,https://www.basketball-reference.com/players/a/atkinch01.html,"Point Guard and Shooting Guard


  
  ▪
  
  
  Shoots:
  
  Right","Position:
  
  Point Guard and Shooting Guard


  
  ▪
  
  
  
  
  Right",,,,,,"Orlando, Florida
us",South Florida,"Evans in Orlando, Florida",,"November 2, 1999",696,9.9,1.7,3.4,41.2,,77.2,48.9
Al Attles,https://www.basketball-reference.com/players/a/attleal01.html,"Point Guard


  
  ▪
  
  
  Shoots:
  
  Right","Position:
  
  Point Guard


  
  ▪
  
  
  
  
  Right",,,,,,"Newark, New Jersey
us",North Carolina A&T,"Weequahic in Newark, New Jersey","Philadelphia Warriors, 5th round (7th pick, 39th overall), 1960 NBA Draft","October 28, 1960",711,8.9,3.5,3.5,45.1,,63.2,
Chet Aubuchon,https://www.basketball-reference.com/players/a/aubucch01.html,"Guard


  
  ▪
  
  
  Shoots:
  
  Right","Position:
  
  Guard


  
  ▪
  
  
  
  
  Right",,,,,,"Gary, Indiana
us",Michigan State,"Horace Mann in Gary, Indiana",,"November 2, 1946",30,2.2,-,0.7,25.3,,54.3,
Stacey Augmon,https://www.basketball-reference.com/players/a/augmost01.html,"Shooting Guard and Small Forward


  
  ▪
  
  
  Shoots:
  
  Left","Position:
  
  Shooting Guard and Small Forward


  
  ▪
  
  
  
  
  Left",,,,,,"Pasadena, California
us",UNLV,"John Muir in Pasadena, California","Atlanta Hawks, 1st round (9th pick, 9th overall), 1991 NBA Draft","November 2, 1991",1001,8.0,3.2,1.6,46.9,,72.8,47.0
D.J. Augustin,https://www.basketball-reference.com/players/a/augusdj01.html,"Point Guard


  
  ▪
  
  
  Shoots:
  
  Right","Position:
  
  Point Guard


  
  ▪
  
  
  
  
  Right",,,,,,"New Orleans, Louisiana
us",Texas,"Hightower in Missouri City, Texas","Charlotte Bobcats, 1st round (9th pick, 9th overall), 2008 NBA Draft","October 30, 2008",976,9.5,1.8,3.9,41.2,,86.7,49.9
James Augustine,https://www.basketball-reference.com/players/a/augusja01.html,"Power Forward


  
  ▪
  
  
  Shoots:
  
  Left","Position:
  
  Power Forward


  
  ▪
  
  
  
  
  Left",,,,,,"Midlothian, Ill",Illinois,"Lincoln-Way Central in Mokena, Illinois","Orlando Magic, 2nd round (11th pick, 41st overall), 2006 NBA Draft","February 2, 2007",27,1.6,1.2,0.1,51.4,,50.0,51.4
Isaac Austin,https://www.basketball-reference.com/players/a/austiis01.html,"Center


  
  ▪
  
  
  Shoots:
  
  Right","Position:
  
  Center


  
  ▪
  
  
  
  
  Right",,,,,,"Gridley, California
us",Arizona State,"Las Plumas in Oroville, California","Utah Jazz, 2nd round (21st pick, 48th overall), 1991 NBA Draft","November 2, 1991",432,7.6,4.7,1.2,44.6,,67.0,44.8
Johnny Austin,https://www.basketball-reference.com/players/a/austijo01.html,"Shooting Guard


  
  ▪
  
  
  Shoots:
  
  Right","Position:
  
  Shooting Guard


  
  ▪
  
  
  
  
  Right",,,,,,Wash,Boston College,"DeMatha Catholic in Hyattsville, Maryland","Boston Celtics, 4th round (8th pick, 38th overall), 1966 NBA Draft","October 15, 1966 ▪ ABA Debut: October 23, 1967",45,7.6,1.6,1.4,37.5,,73.1,37.5
Ken Austin,https://www.basketball-reference.com/players/a/austike01.html,"Small Forward


  
  ▪
  
  
  Shoots:
  
  Right","Position:
  
  Small Forward


  
  ▪
  
  
  
  
  Right",,,,,,"Los Angeles, California
us",Rice University,"Verbum Dei in Los Angeles, California","Detroit Pistons, 5th round (8th pick, 101st overall), 1983 NBA Draft","November 3, 1983",7,1.7,0.4,0.1,46.2,,-,46.2
Deni Avdija,https://www.basketball-reference.com/players/a/avdijde01.html,"Small Forward


  
  ▪
  
  
  Shoots:
  
  Right","Position:
  
  Small Forward


  
  ▪
  
  
  
  
  Right",,,,,,"Beit Zera, Israel
il",,,"Washington Wizards, 1st round (9th pick, 9th overall), 2020 NBA Draft","December 23, 2020",317,10.1,6.0,2.6,45.6,,74.3,52.1
Anthony Avent,https://www.basketball-reference.com/players/a/aventan01.html,"Power Forward


  
  ▪
  
  
  Shoots:
  
  Right","Position:
  
  Power Forward


  
  ▪
  
  
  
  
  Right",,,,,,"Rocky Mount, North Carol",Seton Hall,"Malcolm X Shabazz in Newark, New Jersey","Atlanta Hawks, 1st round (15th pick, 15th overall), 1991 NBA Draft","November 6, 1992",352,5.6,4.5,0.8,40.3,,68.6,40.3
Bird Averitt,https://www.basketball-reference.com/players/a/averibi01.html,"Shooting Guard


  
  ▪
  
  
  Shoots:
  
  Left","Position:
  
  Shooting Guard


  
  ▪
  
  
  
  
  Left",,,,,,Hopk,Pepperdine,"Hopkinsville in Hopkinsville, Kentucky","Portland Trail Blazers, 4th round (3rd pick, 55th overall), 1973 NBA Draft","October 21, 1976 ▪ ABA Debut: October 10, 1973",366,12.1,1.9,2.9,40.5,,74.3,41.2
William Avery,https://www.basketball-reference.com/players/a/averywi01.html,"Point Guard


  
  ▪
  
  
  Shoots:
  
  Right","Position:
  
  Point Guard


  
  ▪
  
  
  
  
  Right",,,,,,"Augusta, Georgia
us",Duke,,"Minnesota Timberwolves, 1st round (14th pick, 14th overall), 1999 NBA Draft","November 13, 1999",142,2.7,0.7,1.4,33.0,,71.4,37.8
Dennis Awtrey,https://www.basketball-reference.com/players/a/awtrede01.html,"Center


  
  ▪
  
  
  Shoots:
  
  Right","Position:
  
  Center


  
  ▪
  
  
  
  
  Right",,,,,,"Hollywood, California
us",Santa Clara,"Blackford in San Jose, California","Philadelphia 76ers, 3rd round (12th pick, 46th overall), 1970 NBA Draft","October 14, 1970",733,4.8,4.6,2.0,45.9,,65.2,45.9
Joel Ayayi,https://www.basketball-reference.com/players/a/ayayijo01.html,"Shooting Guard


  
  ▪
  
  
  Shoots:
  
  Right","Position:
  
  Shooting Guard


  
  ▪
  
  
  
  
  Right",,,,,,"Bordeaux, France
fr",Gonzaga,"INSEP in Paris, France",,"October 25, 2021",7,0.3,0.4,0.6,16.7,,-,16.7
Gustavo AyÃ³n,https://www.basketball-reference.com/players/a/ayongu01.html,"Center and Power Forward


  
  ▪
  
  
  Shoots:
  
  Right","Position:
  
  Center and Power Forward


  
  ▪
  
  
  
  
  Right",,,,,,"Tepic, Mexico
mx",,,,"January 1, 2012",135,4.7,4.4,1.3,53.6,,50.4,53.6
Jeff Ayres,https://www.basketball-reference.com/players/p/pendeje02.html,"Power Forward and Center


  
  ▪
  
  
  Shoots:
  
  Right","Position:
  
  Power Forward and Center


  
  ▪
  
  
  
  
  Right",,,,,,"Ontario, California
us",Arizona State,"Etiwanda in Rancho Cucamonga, California","Sacramento Kings, 2nd round (1st pick, 31st overall), 2009 NBA Draft","December 22, 2009",237,2.9,2.7,0.4,55.3,,77.6,55.5
Deandre Ayton,https://www.basketball-reference.com/players/a/aytonde01.html,"Center


  
  ▪
  
  
  Shoots:
  
  Right","Position:
  
  Center


  
  ▪
  
  
  
  
  Right",,,,,,"Nassau, Bahamas
bs",Arizona,"Hillcrest Prep in Phoenix, Arizona","Phoenix Suns, 1st round (1st pick, 1st overall), 2018 NBA Draft","October 17, 2018",379,16.5,10.5,1.6,59.0,,75.8,59.3
Kelenna Azubuike,https://www.basketball-reference.com/players/a/azubuke01.html,"Shooting Guard and Small Forward


  
  ▪
  
  
  Shoots:
  
  Right","Position:
  
  Shooting Guard and Small Forward


  
  ▪
  
  
  
  
  Right",,,,,,"London, United K",Kentucky,"Victory Christian in Tulsa, Oklahoma",,"January 2, 2007",208,10.5,4.0,1.1,45.9,,77.0,51.9
Udoka Azubuike,https://www.basketball-reference.com/players/a/azubuud01.html,"Center


  
  ▪
  
  
  Shoots:
  
  Right","Position:
  
  Center


  
  ▪
  
  
  
  
  Right",,,,,,"Lagos, Nigeria
ng",Kansas,"Potter's House Christian Academy in Jacksonville, Florida","Utah Jazz, 1st round (27th pick, 27th overall), 2020 NBA Draft","December 23, 2020",84,3.0,2.8,0.2,75.8,,44.4,75.8
